{"cameraMode":{"drawMode":0,"name":"Shaded","section":"Shading Mode"},"sceneLighting":true,"audioPlay":false,"sceneViewState":{"showFog":true,"showMaterialUpdate":false,"showSkybox":false,"showFlares":true,"showImageEffects":true,"showParticleSystems":true},"in2DMode":false,"pivot":{"x":1982.2996826171875,"y":360.5561828613281,"z":675.1566162109375},"rotation":{"x":0.04205494001507759,"y":0.9574002623558044,"z":-0.18494057655334474,"w":0.2179431915283203},"size":2940.881591796875,"orthographic":false}