{"cameraMode":{"drawMode":0,"name":"Shaded","section":"Shading Mode"},"sceneLighting":true,"audioPlay":false,"sceneViewState":{"showFog":false,"showMaterialUpdate":false,"showSkybox":false,"showFlares":true,"showImageEffects":true,"showParticleSystems":true},"in2DMode":false,"pivot":{"x":1835.6951904296875,"y":69.297119140625,"z":457.1025085449219},"rotation":{"x":-0.03463125228881836,"y":0.9436865448951721,"z":-0.10398413240909577,"w":-0.3124432861804962},"size":758.05615234375,"orthographic":false}