{"cameraMode":{"drawMode":0,"name":"Shaded","section":"Shading Mode"},"sceneLighting":false,"audioPlay":false,"sceneViewState":{"showFog":true,"showMaterialUpdate":false,"showSkybox":false,"showFlares":true,"showImageEffects":true,"showParticleSystems":true},"in2DMode":false,"pivot":{"x":1372.54052734375,"y":578.4476318359375,"z":1153.70849609375},"rotation":{"x":0.04213552922010422,"y":0.7865216732025147,"z":0.054185137152671817,"w":-0.6138194799423218},"size":1591.2628173828125,"orthographic":false}