{"cameraMode":{"drawMode":0,"name":"Shaded","section":"Shading Mode"},"sceneLighting":true,"audioPlay":false,"sceneViewState":{"showFog":false,"showMaterialUpdate":false,"showSkybox":false,"showFlares":true,"showImageEffects":true,"showParticleSystems":true},"in2DMode":false,"pivot":{"x":-24.809782028198243,"y":2.640409469604492,"z":4.7199201583862309},"rotation":{"x":0.05401219427585602,"y":0.9431238770484924,"z":-0.2645006477832794,"w":0.19476938247680665},"size":24.95643424987793,"orthographic":false}