{"cameraMode":{"drawMode":0,"name":"Shaded","section":"Shading Mode"},"sceneLighting":false,"audioPlay":false,"sceneViewState":{"showFog":false,"showMaterialUpdate":false,"showSkybox":false,"showFlares":true,"showImageEffects":true,"showParticleSystems":true},"in2DMode":false,"pivot":{"x":0.21811681985855103,"y":1.4999995231628419,"z":0.21813201904296876},"rotation":{"x":0.07708748430013657,"y":-0.6607795357704163,"z":0.06703689694404602,"w":0.7438881397247315},"size":2.7313921451568605,"orthographic":false}