{"cameraMode":{"drawMode":0,"name":"Shaded","section":"Shading Mode"},"sceneLighting":false,"audioPlay":false,"sceneViewState":{"showFog":true,"showMaterialUpdate":false,"showSkybox":false,"showFlares":true,"showImageEffects":true,"showParticleSystems":true},"in2DMode":false,"pivot":{"x":-1.047866940498352,"y":14.379571914672852,"z":1.0185996294021607},"rotation":{"x":0.0003963159688282758,"y":0.9996026158332825,"z":0.022184718400239946,"w":-0.01769399829208851},"size":32.731910705566409,"orthographic":false}