{"cameraMode":{"drawMode":0,"name":"Shaded","section":"Shading Mode"},"sceneLighting":false,"audioPlay":false,"sceneViewState":{"showFog":false,"showMaterialUpdate":false,"showSkybox":false,"showFlares":true,"showImageEffects":true,"showParticleSystems":true},"in2DMode":false,"pivot":{"x":-1.0134475231170655,"y":1.0276981592178345,"z":-0.030896250158548356},"rotation":{"x":-0.06433495879173279,"y":-0.9280447959899902,"z":0.3135746717453003,"w":-0.19092291593551637},"size":4.207159519195557,"orthographic":false}