{"cameraMode":{"drawMode":0,"name":"Shaded","section":"Shading Mode"},"sceneLighting":true,"audioPlay":false,"sceneViewState":{"showFog":false,"showMaterialUpdate":false,"showSkybox":false,"showFlares":true,"showImageEffects":true,"showParticleSystems":true},"in2DMode":false,"pivot":{"x":-40.976383209228519,"y":1.4386528730392457,"z":-3.5078237056732179},"rotation":{"x":-0.29058441519737246,"y":0.5812093615531921,"z":-0.23262707889080048,"w":-0.7239723205566406},"size":10.716592788696289,"orthographic":false}