{"cameraMode":{"drawMode":0,"name":"Shaded","section":"Shading Mode"},"sceneLighting":false,"audioPlay":false,"sceneViewState":{"showFog":false,"showMaterialUpdate":false,"showSkybox":false,"showFlares":true,"showImageEffects":true,"showParticleSystems":true},"in2DMode":false,"pivot":{"x":0.0,"y":2.9999990463256838,"z":-0.0000019073486328125},"rotation":{"x":-0.20025044679641725,"y":-0.10553380101919174,"z":0.02185477688908577,"w":-0.9738878011703491},"size":3.6627821922302248,"orthographic":false}