{"cameraMode":{"drawMode":0,"name":"Shaded","section":"Shading Mode"},"sceneLighting":false,"audioPlay":false,"sceneViewState":{"showFog":false,"showMaterialUpdate":false,"showSkybox":false,"showFlares":true,"showImageEffects":true,"showParticleSystems":true},"in2DMode":false,"pivot":{"x":-0.00000762939453125,"y":2.9999990463256838,"z":0.0000019073486328125},"rotation":{"x":-0.12417522817850113,"y":0.08150799572467804,"z":-0.009198205545544625,"w":-0.9890751838684082},"size":4.262783050537109,"orthographic":false}