{"cameraMode":{"drawMode":0,"name":"Shaded","section":"Shading Mode"},"sceneLighting":false,"audioPlay":false,"sceneViewState":{"showFog":false,"showMaterialUpdate":false,"showSkybox":false,"showFlares":true,"showImageEffects":true,"showParticleSystems":true},"in2DMode":false,"pivot":{"x":-0.00013276934623718262,"y":0.6200346350669861,"z":-0.00009763240814208984},"rotation":{"x":-0.16939407587051392,"y":0.6034657955169678,"z":-0.13188406825065614,"w":-0.7682617902755737},"size":0.7137567400932312,"orthographic":false}