{"cameraMode":{"drawMode":0,"name":"Shaded","section":"Shading Mode"},"sceneLighting":true,"audioPlay":false,"sceneViewState":{"showFog":false,"showMaterialUpdate":false,"showSkybox":false,"showFlares":true,"showImageEffects":true,"showParticleSystems":true},"in2DMode":false,"pivot":{"x":-37.59976577758789,"y":12.90291690826416,"z":11.856739044189454},"rotation":{"x":-0.16512969136238099,"y":0.710774302482605,"z":-0.17744366824626923,"w":-0.660467267036438},"size":37.39619445800781,"orthographic":false}