{"cameraMode":{"drawMode":2,"name":"Shaded Wireframe","section":"Shading Mode"},"sceneLighting":false,"audioPlay":false,"sceneViewState":{"showFog":true,"showMaterialUpdate":false,"showSkybox":false,"showFlares":true,"showImageEffects":true,"showParticleSystems":true},"in2DMode":false,"pivot":{"x":-214.39892578125,"y":2025.662841796875,"z":-484.368408203125},"rotation":{"x":0.11495241522789002,"y":0.5469473600387573,"z":-0.07612612843513489,"w":0.8257805109024048},"size":5326.142578125,"orthographic":false}