{"cameraMode":{"drawMode":0,"name":"Shaded","section":"Shading Mode"},"sceneLighting":true,"audioPlay":false,"sceneViewState":{"showFog":false,"showMaterialUpdate":false,"showSkybox":false,"showFlares":true,"showImageEffects":true,"showParticleSystems":true},"in2DMode":false,"pivot":{"x":-29.65878677368164,"y":1.8808133602142335,"z":-4.3800740242004398},"rotation":{"x":0.09203328192234039,"y":-0.8276777267456055,"z":0.14175628125667573,"w":0.5353320240974426},"size":1.623990774154663,"orthographic":false}