{"cameraMode":{"drawMode":0,"name":"Shaded","section":"Shading Mode"},"sceneLighting":true,"audioPlay":false,"sceneViewState":{"showFog":true,"showMaterialUpdate":false,"showSkybox":true,"showFlares":true,"showImageEffects":true,"showParticleSystems":true},"in2DMode":false,"pivot":{"x":12.258524894714356,"y":3.967513084411621,"z":156.18441772460938},"rotation":{"x":0.1272454708814621,"y":0.05797939747571945,"z":-0.007454335689544678,"w":0.9901658892631531},"size":116.04034423828125,"orthographic":false}