{"cameraMode":{"drawMode":0,"name":"Shaded","section":"Shading Mode"},"sceneLighting":false,"audioPlay":false,"sceneViewState":{"showFog":true,"showMaterialUpdate":false,"showSkybox":false,"showFlares":true,"showImageEffects":true,"showParticleSystems":true},"in2DMode":false,"pivot":{"x":1057.85595703125,"y":-12.569879531860352,"z":-3688.447509765625},"rotation":{"x":-0.002161347772926092,"y":0.9958600401878357,"z":-0.024212151765823365,"w":-0.08806587755680084},"size":2647.1240234375,"orthographic":false}