{"cameraMode":{"drawMode":0,"name":"Shaded","section":"Shading Mode"},"sceneLighting":false,"audioPlay":false,"sceneViewState":{"showFog":false,"showMaterialUpdate":false,"showSkybox":false,"showFlares":true,"showImageEffects":true,"showParticleSystems":true},"in2DMode":false,"pivot":{"x":-0.00012981891632080078,"y":0.375,"z":-0.000091552734375},"rotation":{"x":0.17267608642578126,"y":-0.7522456049919128,"z":0.21679702401161195,"w":0.5979149341583252},"size":1.807104229927063,"orthographic":false}