{"cameraMode":{"drawMode":0,"name":"Shaded","section":"Shading Mode"},"sceneLighting":false,"audioPlay":false,"sceneViewState":{"showFog":false,"showMaterialUpdate":false,"showSkybox":false,"showFlares":true,"showImageEffects":true,"showParticleSystems":true},"in2DMode":false,"pivot":{"x":-1.6514439582824708,"y":3.5498290061950685,"z":-1.4579050540924073},"rotation":{"x":-0.14992792904376985,"y":-0.5285322666168213,"z":0.09571167826652527,"w":-0.8301752209663391},"size":5.3017377853393559,"orthographic":false}