{"cameraMode":{"drawMode":0,"name":"Shaded","section":"Shading Mode"},"sceneLighting":false,"audioPlay":false,"sceneViewState":{"showFog":true,"showMaterialUpdate":false,"showSkybox":false,"showFlares":true,"showImageEffects":true,"showParticleSystems":true},"in2DMode":false,"pivot":{"x":1413.5689697265625,"y":279.7247314453125,"z":1014.46240234375},"rotation":{"x":0.12164696305990219,"y":-0.5277824401855469,"z":0.07671037316322327,"w":0.8371557593345642},"size":2444.612060546875,"orthographic":false}