{"cameraMode":{"drawMode":0,"name":"Shaded","section":"Shading Mode"},"sceneLighting":true,"audioPlay":false,"sceneViewState":{"showFog":true,"showMaterialUpdate":false,"showSkybox":false,"showFlares":true,"showImageEffects":true,"showParticleSystems":true},"in2DMode":false,"pivot":{"x":-31.045690536499025,"y":0.19411629438400269,"z":-17.485706329345704},"rotation":{"x":-0.10496979206800461,"y":0.7577828168869019,"z":-0.6315776109695435,"w":-0.12594769895076753},"size":27.110132217407228,"orthographic":false}