{"cameraMode":{"drawMode":0,"name":"Shaded","section":"Shading Mode"},"sceneLighting":false,"audioPlay":false,"sceneViewState":{"showFog":false,"showMaterialUpdate":false,"showSkybox":false,"showFlares":true,"showImageEffects":true,"showParticleSystems":true},"in2DMode":false,"pivot":{"x":1835.6712646484375,"y":69.29724884033203,"z":457.1036071777344},"rotation":{"x":-0.003611714346334338,"y":0.9936433434486389,"z":0.030978448688983918,"w":0.10898508131504059},"size":29.53462791442871,"orthographic":false}