{"cameraMode":{"drawMode":0,"name":"Shaded","section":"Shading Mode"},"sceneLighting":true,"audioPlay":false,"sceneViewState":{"showFog":true,"showMaterialUpdate":false,"showSkybox":false,"showFlares":true,"showImageEffects":true,"showParticleSystems":true},"in2DMode":false,"pivot":{"x":-0.0003298521041870117,"y":1.098307728767395,"z":0.09338092803955078},"rotation":{"x":0.029087478294968606,"y":0.9226372241973877,"z":-0.3779718577861786,"w":0.07099777460098267},"size":5.539133071899414,"orthographic":false}