{"cameraMode":{"drawMode":0,"name":"Shaded","section":"Shading Mode"},"sceneLighting":false,"audioPlay":false,"sceneViewState":{"showFog":false,"showMaterialUpdate":false,"showSkybox":false,"showFlares":true,"showImageEffects":true,"showParticleSystems":true},"in2DMode":false,"pivot":{"x":0.0,"y":2.9999990463256838,"z":-0.000002384185791015625},"rotation":{"x":0.08033865690231323,"y":-0.4903579354286194,"z":0.04422153905034065,"w":0.8669222593307495},"size":3.962782144546509,"orthographic":false}