{"cameraMode":{"drawMode":0,"name":"Shaded","section":"Shading Mode"},"sceneLighting":true,"audioPlay":false,"sceneViewState":{"showFog":true,"showMaterialUpdate":false,"showSkybox":false,"showFlares":true,"showImageEffects":true,"showParticleSystems":true},"in2DMode":false,"pivot":{"x":2203.0830078125,"y":218.8532257080078,"z":988.0255126953125},"rotation":{"x":0.02691110596060753,"y":0.3563384711742401,"z":-0.010276200249791146,"w":0.9339514374732971},"size":5063.67236328125,"orthographic":false}