{"cameraMode":{"drawMode":0,"name":"Shaded","section":"Shading Mode"},"sceneLighting":false,"audioPlay":false,"sceneViewState":{"showFog":false,"showMaterialUpdate":false,"showSkybox":false,"showFlares":true,"showImageEffects":true,"showParticleSystems":true},"in2DMode":false,"pivot":{"x":0.218109130859375,"y":2.9999990463256838,"z":0.21813201904296876},"rotation":{"x":-0.011904042214155198,"y":0.9851680397987366,"z":-0.1582263559103012,"w":-0.06858564168214798},"size":5.41581916809082,"orthographic":false}