{"cameraMode":{"drawMode":0,"name":"Shaded","section":"Shading Mode"},"sceneLighting":true,"audioPlay":false,"sceneViewState":{"showFog":false,"showMaterialUpdate":false,"showSkybox":false,"showFlares":true,"showImageEffects":true,"showParticleSystems":true},"in2DMode":false,"pivot":{"x":-22.734546661376954,"y":4.324849605560303,"z":0.5241366624832153},"rotation":{"x":-0.14318521320819856,"y":0.6591193675994873,"z":-0.12888197600841523,"w":-0.7272762060165405},"size":7.617196083068848,"orthographic":false}