{"cameraMode":{"drawMode":0,"name":"Shaded","section":"Shading Mode"},"sceneLighting":false,"audioPlay":false,"sceneViewState":{"showFog":false,"showMaterialUpdate":false,"showSkybox":false,"showFlares":true,"showImageEffects":true,"showParticleSystems":true},"in2DMode":false,"pivot":{"x":-0.9473217725753784,"y":1.4216228723526,"z":0.20578381419181825},"rotation":{"x":0.07220880687236786,"y":-0.5395053625106812,"z":0.046180613338947299,"w":0.8377239108085632},"size":1.3532030582427979,"orthographic":false}