{"cameraMode":{"drawMode":0,"name":"Shaded","section":"Shading Mode"},"sceneLighting":false,"audioPlay":false,"sceneViewState":{"showFog":false,"showMaterialUpdate":false,"showSkybox":false,"showFlares":true,"showImageEffects":true,"showParticleSystems":true},"in2DMode":false,"pivot":{"x":0.0,"y":1.2400000095367432,"z":0.7350006103515625},"rotation":{"x":-0.06353384256362915,"y":-0.6941351890563965,"z":0.06189922243356705,"w":-0.7145050168037415},"size":3.2442734241485597,"orthographic":false}