{"cameraMode":{"drawMode":0,"name":"Shaded","section":"Shading Mode"},"sceneLighting":true,"audioPlay":false,"sceneViewState":{"showFog":false,"showMaterialUpdate":false,"showSkybox":false,"showFlares":true,"showImageEffects":true,"showParticleSystems":true},"in2DMode":false,"pivot":{"x":-35.75006866455078,"y":0.6020060181617737,"z":-4.121930122375488},"rotation":{"x":0.0014249571831896902,"y":-0.9991881847381592,"z":0.02877790294587612,"w":0.03257447108626366},"size":12.709431648254395,"orthographic":false}