{"cameraMode":{"drawMode":0,"name":"Shaded","section":"Shading Mode"},"sceneLighting":false,"audioPlay":false,"sceneViewState":{"showFog":true,"showMaterialUpdate":false,"showSkybox":false,"showFlares":true,"showImageEffects":true,"showParticleSystems":true},"in2DMode":false,"pivot":{"x":-3331.86279296875,"y":7915.7158203125,"z":-2551.234619140625},"rotation":{"x":0.005131973884999752,"y":0.9787132740020752,"z":0.024659087881445886,"w":-0.20369863510131837},"size":353.9476013183594,"orthographic":false}