{"cameraMode":{"drawMode":0,"name":"Shaded","section":"Shading Mode"},"sceneLighting":true,"audioPlay":false,"sceneViewState":{"showFog":true,"showMaterialUpdate":false,"showSkybox":false,"showFlares":true,"showImageEffects":true,"showParticleSystems":true},"in2DMode":false,"pivot":{"x":2069.780029296875,"y":432.07843017578127,"z":769.2514038085938},"rotation":{"x":-0.008761572651565075,"y":0.9118245840072632,"z":-0.01942417398095131,"w":-0.41012969613075259},"size":315.1714172363281,"orthographic":false}