{"cameraMode":{"drawMode":0,"name":"Shaded","section":"Shading Mode"},"sceneLighting":false,"audioPlay":false,"sceneViewState":{"showFog":false,"showMaterialUpdate":false,"showSkybox":false,"showFlares":true,"showImageEffects":true,"showParticleSystems":true},"in2DMode":false,"pivot":{"x":1835.6951904296875,"y":69.297119140625,"z":457.1025085449219},"rotation":{"x":-0.003611714346334338,"y":0.9936433434486389,"z":0.030978448688983918,"w":0.10898508131504059},"size":907.9215087890625,"orthographic":false}