{"cameraMode":{"drawMode":0,"name":"Shaded","section":"Shading Mode"},"sceneLighting":false,"audioPlay":false,"sceneViewState":{"showFog":false,"showMaterialUpdate":false,"showSkybox":false,"showFlares":true,"showImageEffects":true,"showParticleSystems":true},"in2DMode":false,"pivot":{"x":-1.6514439582824708,"y":3.549828290939331,"z":-1.4579055309295655},"rotation":{"x":-0.1384855955839157,"y":0.4179255962371826,"z":-0.06439357250928879,"w":-0.8956536054611206},"size":5.6017374992370609,"orthographic":false}