{"cameraMode":{"drawMode":0,"name":"Shaded","section":"Shading Mode"},"sceneLighting":true,"audioPlay":false,"sceneViewState":{"showFog":true,"showMaterialUpdate":false,"showSkybox":false,"showFlares":true,"showImageEffects":true,"showParticleSystems":true},"in2DMode":false,"pivot":{"x":-3497.660888671875,"y":23.905323028564454,"z":-3282.705322265625},"rotation":{"x":0.05455826595425606,"y":0.9196011424064636,"z":-0.13786303997039796,"w":0.3639034032821655},"size":1468.612548828125,"orthographic":false}