{"cameraMode":{"drawMode":0,"name":"Shaded","section":"Shading Mode"},"sceneLighting":false,"audioPlay":false,"sceneViewState":{"showFog":false,"showMaterialUpdate":false,"showSkybox":false,"showFlares":true,"showImageEffects":true,"showParticleSystems":true},"in2DMode":false,"pivot":{"x":0.029998570680618287,"y":1.5644571781158448,"z":0.13999858498573304},"rotation":{"x":0.049595922231674197,"y":-0.9405442476272583,"z":0.15537114441394807,"w":0.29828792810440066},"size":2.4525530338287355,"orthographic":false}