{"cameraMode":{"drawMode":0,"name":"Shaded","section":"Shading Mode"},"sceneLighting":false,"audioPlay":false,"sceneViewState":{"showFog":true,"showMaterialUpdate":false,"showSkybox":false,"showFlares":true,"showImageEffects":true,"showParticleSystems":true},"in2DMode":false,"pivot":{"x":-1.0478745698928834,"y":14.379583358764649,"z":1.0185843706130982},"rotation":{"x":0.029061127454042436,"y":0.9699331521987915,"z":-0.14689849317073823,"w":0.19187429547309876},"size":16.774951934814454,"orthographic":false}