{"cameraMode":{"drawMode":0,"name":"Shaded","section":"Shading Mode"},"sceneLighting":false,"audioPlay":false,"sceneViewState":{"showFog":false,"showMaterialUpdate":false,"showSkybox":false,"showFlares":true,"showImageEffects":true,"showParticleSystems":true},"in2DMode":false,"pivot":{"x":0.21811681985855103,"y":1.4999995231628419,"z":-0.0000020265579223632814},"rotation":{"x":0.24317613244056703,"y":-0.4219750463962555,"z":0.11727645993232727,"w":0.865720808506012},"size":2.6334993839263918,"orthographic":false}