{"cameraMode":{"drawMode":0,"name":"Shaded","section":"Shading Mode"},"sceneLighting":true,"audioPlay":false,"sceneViewState":{"showFog":true,"showMaterialUpdate":false,"showSkybox":false,"showFlares":true,"showImageEffects":true,"showParticleSystems":true},"in2DMode":false,"pivot":{"x":0.2739742696285248,"y":0.3660227358341217,"z":-0.1871357262134552},"rotation":{"x":0.0006636254256591201,"y":0.9944424033164978,"z":-0.0062749492935836319,"w":0.10510462522506714},"size":0.06778548657894135,"orthographic":false}