{"cameraMode":{"drawMode":0,"name":"Shaded","section":"Shading Mode"},"sceneLighting":true,"audioPlay":false,"sceneViewState":{"showFog":true,"showMaterialUpdate":false,"showSkybox":false,"showFlares":true,"showImageEffects":true,"showParticleSystems":true},"in2DMode":false,"pivot":{"x":-23.202205657958986,"y":-5.338677883148193,"z":-32.00249099731445},"rotation":{"x":0.0760515108704567,"y":0.8881279826164246,"z":-0.1591464877128601,"w":0.42442530393600466},"size":27.45234489440918,"orthographic":false}