{"cameraMode":{"drawMode":0,"name":"Shaded","section":"Shading Mode"},"sceneLighting":true,"audioPlay":false,"sceneViewState":{"showFog":false,"showMaterialUpdate":false,"showSkybox":false,"showFlares":true,"showImageEffects":true,"showParticleSystems":true},"in2DMode":false,"pivot":{"x":-16.968801498413087,"y":22.383312225341798,"z":19.416828155517579},"rotation":{"x":0.166145920753479,"y":-0.5548737645149231,"z":0.11390095204114914,"w":0.8072853684425354},"size":15.54759693145752,"orthographic":false}