{"cameraMode":{"drawMode":0,"name":"Shaded","section":"Shading Mode"},"sceneLighting":false,"audioPlay":false,"sceneViewState":{"showFog":true,"showMaterialUpdate":false,"showSkybox":false,"showFlares":true,"showImageEffects":true,"showParticleSystems":true},"in2DMode":false,"pivot":{"x":1477.8553466796875,"y":651.1932373046875,"z":424.9415588378906},"rotation":{"x":0.0036651291884481909,"y":0.9051060676574707,"z":0.007880163379013539,"w":-0.4251978397369385},"size":1545.5267333984375,"orthographic":false}